Pattern	p-value	score
<N39,N71,M0P1>	0	2384.74
<N5,N37,M0P1>	0	2355.03
<N18,N39,M0P1>	0	2347.89
<N64,N66,N90>	0.00826802	46.3806
<N17,N68,N86>	0.0392111	39.9775

durée: 0.706199 seconds
