Pattern	p-value	score
<N36,N97,M0P1>	0	2303.72
<N36,N37,M0P1>	0	2291.83
<N30,N79,M0P1>	0	2291.04
<N52,N56,M0P1>	0	2289.36
<N16,N24,N61>	0.00439188	48.7725

durée: 0.655989 seconds
