Pattern	p-value	score
<N33,N61,M0P1>	0	2256.39
<N3,N6,M0P1>	0	2251.59
<N42,N80,M0P1>	0	2245.5
<N57,N61,M0P1>	0	2232.66
<N6,N46,N96>	0.0172514	43.4634

durée: 0.721224 seconds
