Pattern	p-value	score
<N68,N83,M0P1>	0	2299.04
<N18,N85,M0P1>	0	2283.1
<N58,N68,M0P1>	0	2276.26
<N55,N74,M0P1>	0	2275.88
<N43,N82,N88>	0.00351347	49.5946

durée: 0.672857 seconds
