Pattern	p-value	score
<N73,N90,M0P1>	0	2262.4
<N64,N90,M0P1>	0	2248.04
<N2,M0P1>	0	2216.58
durée: 0.760497 seconde
<N37,N74,N81>	0.0416339	39.711
<N67,N68,N69>	0.0837194	36.4488

durée: 0.760497 seconds
